<?xml version="1.0" encoding="UTF-8"?>
<!DOCTYPE hibernate-configuration PUBLIC  
          "-//Hibernate/Hibernate Configuration DTD 3.0//EN"  
          "http://hibernate.sourceforge.net/hibernate-configuration-3.0.dtd">
<hibernate-configuration>
	<session-factory>
		<property name="connection.driver_class">
			com.mysql.cj.jdbc.Driver
		</property>
		<property name="connection.url">
		   		jdbc:mysql://localhost:3306/project
		 </property>
   		<property name="dialect">
   				org.hibernate.dialect.MySQL8Dialect
   		</property>
   		<property name="connection.user">root</property>
   		<property name="connection.password">223004067@Sastra</property>
</session-factory>
</hibernate-configuration>