<?xml version="1.0" encoding="UTF-8"?>
<hibernate-mapping package="com.simplilearn">
<class name="EProduct" table="eproduct">
<id name="ID">
<generator class="identity"/>
</id>
<property name="name" type="string"/>
<property name="price" type="big_decimal"/>
<property name="dateAdded" type="timestamp" column="date_added"/>
<list name="colors" cascade="all">
<key column="product_id"/>
<list-index column="idx"/>
<one-to-many class="com.simplilearn.Color"/>
</list>
<bag name="screensizes" cascade="all">
<key column="product_id"/>
<one-to-many class="com.simplilearn.ScreenSizes"/>
</bag>
<set name="os" cascade="all">
<key column="product_id"/>
<one-to-many class="com.simplilearn.OS"/>
</set>
<map name="finance" cascade="all">
<key column="primary_key"/>
<index column="ftype" type="string"/>
<one-to-many class="com.simplilearn.Finance"/>
</map>
</class>
</hibernate-mapping>