<?xml version="1.0" encoding="UTF-8"?>
<hibernate-mapping package="com">
<class name="EProduct" table="eproduct">
<id name="ID">
<generator class="identity"/>
</id>
<property name="name" type="string"/>
<property name="price" type="big_decimal"/>
<property name="dateAdded" type="timestamp" column="date_added"/>
<component name="parts" class="com.ProductParts">
<property name="hdd" column="parts_hdd" type="string"/>
<property name="cpu" column="parts_cpu" type="string"/>
<property name="ram" column="parts_ram" type="string"/>
</component>
</class>
</hibernate-mapping>